"dictor";"number.of.syllables";"duration";"start";"end";"type"
"D1";7;2900;1,722;4,622;"narrative"
"D1";9;2311;5,733;8,044;"narrative"
"D1";11;3244;9,999;13,243;"narrative"
"D1";6;1767;14,154;15,921;"narrative"
"D1";1;381;16,333;16,714;"narrative"
"D1";1;666;20,999;21,665;"narrative"
"D1";7;3800;22,332;26,132;"narrative"
"D1";5;1245;26,744;27,989;"narrative"
"D1";11;2288;28,367;30,655;"narrative"
"D1";18;2923;31,502;34,425;"narrative"
"D1";8;2784,00000000001;34,471;37,255;"narrative"
"D1";5;1277;37,993;39,27;"narrative"
"D1";11;2194;40,489;42,683;"narrative"
"D1";5;1296;43,081;44,377;"narrative"
"D1";14;3511;44,55;48,061;"narrative"
"D1";10;3092;51,754;54,846;"narrative"
"D1";5;1439;56,16;57,599;"narrative"
"D1";11;4285;58,546;62,831;"narrative"
"D2";19;3598;1,853;5,451;"narrative"
"D2";17;3558;7,667;11,225;"narrative"
"D2";18;4261;12,614;16,875;"narrative"
"D2";8;1310;17,499;18,809;"narrative"
"D2";15;2625;19,801;22,426;"narrative"
"D2";9;1684;24,043;25,727;"narrative"
"D2";23;5625;27,514;33,139;"narrative"
"D2";8;1632;34,058;35,69;"narrative"
"D2";8;2574;36,646;39,22;"narrative"
"D2";6;1044;40,47;41,514;"narrative"
"D2";8;2252;44,933;47,185;"narrative"
"D2";7;1493;47,653;49,146;"narrative"
"D2";8;1529;50,153;51,682;"narrative"
"D2";9;2433;51,999;54,432;"narrative"
"D2";4;1198;55,315;56,513;"narrative"
"D2";18;4654;58,801;63,455;"narrative"
"D2";13;3366;64,808;68,174;"narrative"
"D2";15;3020,99999999999;69,555;72,576;"narrative"
"D2";11;1819,99999999999;73,197;75,017;"narrative"
"D3";15;4262;2,084;6,346;"narrative"
"D3";9;2212;7,533;9,745;"narrative"
"D3";10;3356;9,948;13,304;"narrative"
"D3";6;1423;15,321;16,744;"narrative"
"D3";11;3161;17,016;20,177;"narrative"
"D3";18;4568;21,032;25,6;"narrative"
"D3";10;2816;26,271;29,087;"narrative"
"D3";5;1581;30,212;31,793;"narrative"
"D3";5;1155;32,204;33,359;"narrative"
"D3";9;2282;35,339;37,621;"narrative"
"D3";12;2456;37,793;40,249;"narrative"
"D3";4;1808;43,79;45,598;"narrative"
"D3";11;2431;45,796;48,227;"narrative"
"D4";14;4085;3,914;7,999;"narrative"
"D4";11;2403;9,321;11,724;"narrative"
"D4";8;1906;11,898;13,804;"narrative"
"D4";9;2106;14,574;16,68;"narrative"
"D4";7;2289;16,925;19,214;"narrative"
"D4";12;2872;20,462;23,334;"narrative"
"D4";10;2866;23,858;26,724;"narrative"
"D4";7;1809;26,956;28,765;"narrative"
"D4";7;1886;30,395;32,281;"narrative"
"D4";10;2772,00000000001;33,925;36,697;"narrative"
"D4";6;1524;37,475;38,999;"narrative"
"D4";9;2738;39,422;42,16;"narrative"
"D4";6;1926;43,039;44,965;"narrative"
"D4";6;1785;45,18;46,965;"narrative"
"D4";5;2340;47,562;49,902;"narrative"
"D4";5;1102;51,397;52,499;"narrative"
"D4";9;1989;53,078;55,067;"narrative"
"D4";14;3159;55,658;58,817;"narrative"
"D4";6;1477;59,033;60,51;"narrative"
"D4";14;2597;61,227;63,824;"narrative"
"D4";3;1308,00000000001;64,187;65,495;"narrative"
"D5";6;1767;9,777;11,544;"narrative"
"D5";3;821,999999999999;11,955;12,777;"narrative"
"D5";9;2189;19,288;21,477;"narrative"
"D5";3;934,000000000001;21,532;22,466;"narrative"
"D5";6;2667;22,932;25,599;"narrative"
"D5";2;899,999999999999;26,477;27,377;"narrative"
"D5";4;1122;27,41;28,532;"narrative"
"D5";15;2967;28,799;31,766;"narrative"
"D5";5;1645;32,577;34,222;"narrative"
"D5";5;1300;36,81;38,11;"narrative"
"D5";8;2356;39,51;41,866;"narrative"
"D5";7;1689;43,521;45,21;"narrative"
"D5";9;2200;45,477;47,677;"narrative"
"D5";7;1556;48,21;49,766;"narrative"
"D5";15;4733;51,721;56,454;"narrative"
"D5";9;2167;56,821;58,988;"narrative"
"D5";4;1323;61,521;62,844;"narrative"
"D5";19;4065,99999999999;66,055;70,121;"narrative"
"D5";10;1889;71,599;73,488;"narrative"
"D5";15;5503;75,71;81,213;"narrative"
"D6";9;2310;2,48;4,79;"narrative"
"D6";9;2150;5,32;7,47;"narrative"
"D6";9;2430;8,08;10,51;"narrative"
"D6";9;2330;11,37;13,7;"narrative"
"D6";9;2310;14,72;17,03;"narrative"
"D6";9;2000;17,3;19,3;"narrative"
"D6";9;2720;20,29;23,01;"narrative"
"D6";8;2830;23,16;25,99;"narrative"
"D6";9;3190;27,44;30,63;"narrative"
"D6";11;3030;31;34,03;"narrative"
"D6";9;2450;34,73;37,18;"narrative"
"D6";8;2640;37,74;40,38;"narrative"
"D6";8;1890;41,24;43,13;"narrative"
"D6";9;2050;44,05;46,1;"narrative"
"D6";7;1760;46,89;48,65;"narrative"
"D6";9;2070;51,74;53,81;"narrative"
"D6";9;2180;54,67;56,85;"narrative"
"D6";9;2000;57,43;59,43;"narrative"
"D6";9;3050;60,09;63,14;"narrative"
"D6";9;2860,00000000001;63,87;66,73;"narrative"
"D6";8;2400,00000000001;67,46;69,86;"narrative"
"D6";10;2899,99999999999;71,65;74,55;"narrative"
"D6";8;2459,99999999999;75,92;78,38;"narrative"
"D6";8;2069,99999999999;78,84;80,91;"narrative"
"D6";9;3099,99999999999;82,11;85,21;"narrative"
"D6";9;2830;86,18;89,01;"narrative"
"D6";9;4510,00000000001;89,44;93,95;"narrative"
"D6";9;3110;95,34;98,45;"narrative"
"D7";13;5358;5,259;10,617;"narrative"
"D7";17;5284;11,6;16,884;"narrative"
"D7";22;7271;16,889;24,16;"narrative"
"D7";7;1986;25,131;27,117;"narrative"
"D7";18;4353;28,425;32,778;"narrative"
"D7";7;1574;33,609;35,183;"narrative"
"D7";11;3286;36,83;40,116;"narrative"
"D8";26;6748;2,95;9,698;"narrative"
"D8";15;3596;10,102;13,698;"narrative"
"D8";5;1132;14,425;15,557;"narrative"
"D8";5;1956;16,168;18,124;"narrative"
"D8";16;2823;19,72;22,543;"narrative"
"D8";13;2676;23,146;25,822;"narrative"
"D8";9;1838;26,918;28,756;"narrative"
"D8";7;2169;28,984;31,153;"narrative"
"D8";13;2581;32,219;34,8;"narrative"
"D8";6;1143;36,019;37,162;"narrative"
"D8";4;622;38,305;38,927;"narrative"
"D9";6;1650;3,49;5,14;"narrative"
"D9";3;859,999999999999;5,45;6,31;"narrative"
"D9";9;4040;6,45;10,49;"narrative"
"D9";11;3080;11,01;14,09;"narrative"
"D9";13;2690;14,68;17,37;"narrative"
"D9";4;940,000000000001;18,63;19,57;"narrative"
"D9";2;750;20,39;21,14;"narrative"
"D9";6;1170;22,16;23,33;"narrative"
"D9";9;2520;23,77;26,29;"narrative"
"D9";14;4470;26,5;30,97;"narrative"
"D9";11;3390;32,04;35,43;"narrative"
"D9";15;3989,99999999999;38,17;42,16;"narrative"
"D9";14;2950;42,69;45,64;"narrative"
"D1";9;2480;1,46;3,94;"verse"
"D1";9;2330;4,06;6,39;"verse"
"D1";9;2550;6,71;9,26;"verse"
"D1";9;2330;9,6;11,93;"verse"
"D1";9;2320;12,42;14,74;"verse"
"D1";9;2070;15,06;17,13;"verse"
"D1";9;2320;17,68;20;"verse"
"D1";8;1850;20,26;22,11;"verse"
"D1";9;2660;22,8;25,46;"verse"
"D1";9;2320;25,72;28,04;"verse"
"D1";9;2350;28,38;30,73;"verse"
"D1";8;2230;30,95;33,18;"verse"
"D1";8;2050;33,74;35,79;"verse"
"D1";9;2280;36,22;38,5;"verse"
"D1";9;2090;38,69;40,78;"verse"
"D1";9;2400;41,02;43,42;"verse"
"D1";9;2260,00000000001;43,76;46,02;"verse"
"D1";9;2200;46,3;48,5;"verse"
"D1";9;2110;48,82;50,93;"verse"
"D1";9;2220;51,18;53,4;"verse"
"D1";8;2169,99999999999;53,81;55,98;"verse"
"D1";8;2309,99999999999;56,34;58,65;"verse"
"D1";8;2090;59,22;61,31;"verse"
"D1";8;2110;61,58;63,69;"verse"
"D1";9;2349,99999999999;64,17;66,52;"verse"
"D1";9;2099,99999999999;66,81;68,91;"verse"
"D1";11;3569,99999999999;69,12;72,69;"verse"
"D1";9;2500;73,16;75,66;"verse"
"D1";9;2480;1,46;3,94;"verse"
"D1";9;2330;4,06;6,39;"verse"
"D1";9;2550;6,71;9,26;"verse"
"D1";9;2330;9,6;11,93;"verse"
"D1";9;2320;12,42;14,74;"verse"
"D1";9;2070;15,06;17,13;"verse"
"D1";9;2320;17,68;20;"verse"
"D1";8;1850;20,26;22,11;"verse"
"D1";9;2660;22,8;25,46;"verse"
"D1";9;2320;25,72;28,04;"verse"
"D1";9;2350;28,38;30,73;"verse"
"D1";8;2230;30,95;33,18;"verse"
"D1";8;2050;33,74;35,79;"verse"
"D1";9;2280;36,22;38,5;"verse"
"D1";9;2090;38,69;40,78;"verse"
"D1";9;2400;41,02;43,42;"verse"
"D1";9;2260,00000000001;43,76;46,02;"verse"
"D1";9;2200;46,3;48,5;"verse"
"D1";9;2110;48,82;50,93;"verse"
"D1";9;2220;51,18;53,4;"verse"
"D1";8;2169,99999999999;53,81;55,98;"verse"
"D1";8;2309,99999999999;56,34;58,65;"verse"
"D1";8;2090;59,22;61,31;"verse"
"D1";8;2110;61,58;63,69;"verse"
"D1";9;2349,99999999999;64,17;66,52;"verse"
"D1";9;2099,99999999999;66,81;68,91;"verse"
"D1";11;3569,99999999999;69,12;72,69;"verse"
"D1";9;2500;73,16;75,66;"verse"
"D2";9;2400;2,89;5,29;"verse"
"D2";9;2420;5,7;8,12;"verse"
"D2";9;2930;8,435;11,365;"verse"
"D2";9;2430;11,815;14,245;"verse"
"D2";9;2910;15,335;18,245;"verse"
"D2";9;2330;18,985;21,315;"verse"
"D2";9;2540;21,555;24,095;"verse"
"D2";8;2620;24,53;27,15;"verse"
"D2";9;3210;27,6;30,81;"verse"
"D2";8;3010;31,16;34,17;"verse"
"D2";9;2564;34,467;37,031;"verse"
"D2";8;2904;37,392;40,296;"verse"
"D2";8;2404;41,094;43,498;"verse"
"D2";9;2063;44,28;46,343;"verse"
"D2";9;2447;46,775;49,222;"verse"
"D2";9;3213;49,641;52,854;"verse"
"D2";9;2777;53,669;56,446;"verse"
"D2";9;2894;56,902;59,796;"verse"
"D2";9;3809;60,29;64,099;"verse"
"D2";9;2521;64,401;66,922;"verse"
"D2";8;2605,99999999999;67,73;70,336;"verse"
"D2";8;2435,99999999999;71,102;73,538;"verse"
"D2";8;2681;74,006;76,687;"verse"
"D2";9;2521;77,181;79,702;"verse"
"D2";9;4607;80,988;85,595;"verse"
"D2";9;3277;85,978;89,255;"verse"
"D2";9;3713,00000000001;89,743;93,456;"verse"
"D2";8;3807,99999999999;95,265;99,073;"verse"
"D3";9;2720;3,26;5,98;"verse"
"D3";11;3290;7,1;10,39;"verse"
"D3";9;3130;10,67;13,8;"verse"
"D3";9;2410;14,74;17,15;"verse"
"D3";9;2840;18,3;21,14;"verse"
"D3";9;2660;22;24,66;"verse"
"D3";9;2590;25,53;28,12;"verse"
"D3";8;2570;28,94;31,51;"verse"
"D3";11;4250;33,05;37,3;"verse"
"D3";9;3020;37,87;40,89;"verse"
"D3";9;2795;41,375;44,17;"verse"
"D3";8;3020;44,76;47,78;"verse"
"D3";8;2370;48,59;50,96;"verse"
"D3";9;2660;51,59;54,25;"verse"
"D3";8;2550;54,84;57,39;"verse"
"D3";9;2630;58;60,63;"verse"
"D3";9;2470;61,58;64,05;"verse"
"D3";9;2830,00000000001;64,6;67,43;"verse"
"D3";9;3080;68,04;71,12;"verse"
"D3";9;2690;71,4;74,09;"verse"
"D3";11;3060;74,8;77,86;"verse"
"D3";9;3150,00000000001;79,03;82,18;"verse"
"D3";8;2430,00000000001;82,77;85,2;"verse"
"D3";9;2820,00000000001;85,88;88,7;"verse"
"D3";9;2690;89,78;92,47;"verse"
"D3";9;3010,00000000001;93,1;96,11;"verse"
"D3";9;3370;96,6;99,97;"verse"
"D3";9;3690;101,11;104,8;"verse"
"D4";9;2430;3,82;6,25;"verse"
"D4";9;2210;6,54;8,75;"verse"
"D4";9;2630;9,05;11,68;"verse"
"D4";9;2640;11,98;14,62;"verse"
"D4";9;2300;15,135;17,435;"verse"
"D4";9;2230;17,84;20,07;"verse"
"D4";9;2160;20,44;22,6;"verse"
"D4";8;2210;22,915;25,125;"verse"
"D4";9;2530;25,625;28,155;"verse"
"D4";8;2050;28,48;30,53;"verse"
"D4";9;2500;31,01;33,51;"verse"
"D4";8;2450;33,885;36,335;"verse"
"D4";9;2480;36,86;39,34;"verse"
"D4";9;2400;39,585;41,985;"verse"
"D4";9;2400;42,33;44,73;"verse"
"D4";9;2580;44,975;47,555;"verse"
"D4";9;2400,00000000001;48,16;50,56;"verse"
"D4";9;2180;51,005;53,185;"verse"
"D4";9;2190;53,56;55,75;"verse"
"D4";9;2500;56,05;58,55;"verse"
"D4";8;2050;59,13;61,18;"verse"
"D4";8;2239,99999999999;61,67;63,91;"verse"
"D4";8;2150,00000000001;64,27;66,42;"verse"
"D4";8;2319,99999999999;66,81;69,13;"verse"
"D4";8;2250;69,6;71,85;"verse"
"D4";9;2160;72,41;74,57;"verse"
"D4";9;2280;74,965;77,245;"verse"
"D4";9;2460,00000000001;77,63;80,09;"verse"
"D5";9;2200;2,02;4,22;"verse"
"D5";9;2140;4,56;6,7;"verse"
"D5";9;2460;7;9,46;"verse"
"D5";9;2250;9,72;11,97;"verse"
"D5";9;2060;12,49;14,55;"verse"
"D5";9;1970;14,755;16,725;"verse"
"D5";9;2360;17,045;19,405;"verse"
"D5";9;2040;19,57;21,61;"verse"
"D5";9;4230;22,34;26,57;"verse"
"D5";9;2420;26,83;29,25;"verse"
"D5";9;2230;29,6;31,83;"verse"
"D5";8;2400;32,1;34,5;"verse"
"D5";8;2010;35,32;37,33;"verse"
"D5";9;1970;37,68;39,65;"verse"
"D5";9;2250;40,02;42,27;"verse"
"D5";9;2810;42,61;45,42;"verse"
"D5";9;2120;45,88;48;"verse"
"D5";9;1890;48,315;50,205;"verse"
"D5";9;2400,00000000001;50,66;53,06;"verse"
"D5";9;2310;53,36;55,67;"verse"
"D5";8;1970;56,45;58,42;"verse"
"D5";8;1919,99999999999;58,77;60,69;"verse"
"D5";8;2070;61,18;63,25;"verse"
"D5";8;1810;63,53;65,34;"verse"
"D5";8;2300,00000000001;65,96;68,26;"verse"
"D5";9;2700;69;71,7;"verse"
"D5";9;2470,00000000001;72,07;74,54;"verse"
"D5";9;2460,00000000001;74,99;77,45;"verse"
"D6";9;2310;2,48;4,79;"verse"
"D6";9;2150;5,32;7,47;"verse"
"D6";9;2430;8,08;10,51;"verse"
"D6";9;2330;11,37;13,7;"verse"
"D6";9;2310;14,72;17,03;"verse"
"D6";9;2000;17,3;19,3;"verse"
"D6";9;2720;20,29;23,01;"verse"
"D6";8;2830;23,16;25,99;"verse"
"D6";9;3190;27,44;30,63;"verse"
"D6";11;3030;31;34,03;"verse"
"D6";9;2450;34,73;37,18;"verse"
"D6";8;2640;37,74;40,38;"verse"
"D6";8;1890;41,24;43,13;"verse"
"D6";9;2050;44,05;46,1;"verse"
"D6";7;1760;46,89;48,65;"verse"
"D6";9;2070;51,74;53,81;"verse"
"D6";9;2180;54,67;56,85;"verse"
"D6";9;2000;57,43;59,43;"verse"
"D6";9;3050;60,09;63,14;"verse"
"D6";9;2860,00000000001;63,87;66,73;"verse"
"D6";8;2400,00000000001;67,46;69,86;"verse"
"D6";10;2899,99999999999;71,65;74,55;"verse"
"D6";8;2459,99999999999;75,92;78,38;"verse"
"D6";8;2069,99999999999;78,84;80,91;"verse"
"D6";9;3099,99999999999;82,11;85,21;"verse"
"D6";9;2830;86,18;89,01;"verse"
"D6";9;4510,00000000001;89,44;93,95;"verse"
"D6";9;3110;95,34;98,45;"verse"
"D7";9;2710;1,21;3,92;"verse"
"D7";9;2500;4,05;6,55;"verse"
"D7";9;2930;6,94;9,87;"verse"
"D7";9;2720;10,23;12,95;"verse"
"D7";9;2490;13,96;16,45;"verse"
"D7";9;2460;16,64;19,1;"verse"
"D7";9;2530;19,39;21,92;"verse"
"D7";9;2080;22,13;24,21;"verse"
"D7";9;2770;25,315;28,085;"verse"
"D7";8;2070;28,425;30,495;"verse"
"D7";9;2450;31,045;33,495;"verse"
"D7";8;2630;33,8;36,43;"verse"
"D7";8;2169,99999999999;37,2;39,37;"verse"
"D7";9;2040,00000000001;39,91;41,95;"verse"
"D7";9;2320;42,53;44,85;"verse"
"D7";9;2500;45,23;47,73;"verse"
"D7";9;2440;48,46;50,9;"verse"
"D7";9;2100;51,18;53,28;"verse"
"D7";9;2470;53,81;56,28;"verse"
"D7";9;2340;56,31;58,65;"verse"
"D7";9;2030;59,53;61,56;"verse"
"D7";8;2180,00000000001;61,97;64,15;"verse"
"D7";8;2310;64,89;67,2;"verse"
"D7";8;2310;67,47;69,78;"verse"
"D7";9;2330;70,95;73,28;"verse"
"D7";9;2100,00000000001;73,8;75,9;"verse"
"D7";9;2300;76,2;78,5;"verse"
"D7";9;2259,99999999999;78,93;81,19;"verse"
"D8";9;2160;4,09;6,25;"verse"
"D8";9;1990;6,82;8,81;"verse"
"D8";9;2489;9,421;11,91;"verse"
"D8";9;2200;12,432;14,632;"verse"
"D8";9;2189;15,255;17,444;"verse"
"D8";9;1944;17,944;19,888;"verse"
"D8";9;2166;20,4;22,566;"verse"
"D8";9;2622;22,943;25,565;"verse"
"D8";9;2500;30,488;32,988;"verse"
"D8";8;2178;33,565;35,743;"verse"
"D8";9;2256;36,399;38,655;"verse"
"D8";9;2689;39,088;41,777;"verse"
"D8";9;2223;43,743;45,966;"verse"
"D8";9;2145;46,51;48,655;"verse"
"D8";9;2044,99999999999;49,31;51,355;"verse"
"D8";9;2222;51,844;54,066;"verse"
"D8";9;2266,00000000001;55,3;57,566;"verse"
"D8";9;1978;58,055;60,033;"verse"
"D8";10;2678;60,888;63,566;"verse"
"D8";9;2378;63,91;66,288;"verse"
"D8";7;2022,00000000001;67,344;69,366;"verse"
"D8";9;2800;70,077;72,877;"verse"
"D8";8;2143,99999999999;73,233;75,377;"verse"
"D8";9;2589;75,899;78,488;"verse"
"D8";9;2300;79,232;81,532;"verse"
"D8";9;2200;82,277;84,477;"verse"
"D8";9;2266,00000000001;85,122;87,388;"verse"
"D8";9;2422;88,044;90,466;"verse"
"D9";9;2340;2,1;4,44;"verse"
"D9";9;1770;4,5;6,27;"verse"
"D9";9;2220;6,42;8,64;"verse"
"D9";9;1970;9,51;11,48;"verse"
"D9";9;1920;12,27;14,19;"verse"
"D9";9;2010;14,69;16,7;"verse"
"D9";9;1860;17,42;19,28;"verse"
"D9";8;1720;19,87;21,59;"verse"
"D9";9;1970;22,48;24,45;"verse"
"D9";8;1740;24,53;26,27;"verse"
"D9";9;1920;27,12;29,04;"verse"
"D9";8;1740;29,47;31,21;"verse"
"D9";8;1900,00000000001;32,23;34,13;"verse"
"D9";9;1910;34,9;36,81;"verse"
"D9";9;1989,99999999999;37,38;39,37;"verse"
"D9";9;2030;40,05;42,08;"verse"
"D9";9;2010;42,95;44,96;"verse"
"D9";10;2410;45,75;48,16;"verse"
"D9";9;2090;49,18;51,27;"verse"
"D9";9;1780;51,31;53,09;"verse"
"D9";8;2110;53,88;55,99;"verse"
"D9";8;1860,00000000001;56,48;58,34;"verse"
"D9";9;2270;58,83;61,1;"verse"
"D9";8;2060;61,32;63,38;"verse"
"D9";8;1950;64,49;66,44;"verse"
"D9";9;2950;67,22;70,17;"verse"
"D9";9;2560;70,32;72,88;"verse"
"D9";9;2180,00000000001;73,38;75,56;"verse"
"D1";10;2280;3,44;5,72;"prose"
"D1";3;770;6,1;6,87;"prose"
"D1";5;1310;7,28;8,59;"prose"
"D1";8;2130;8,96;11,09;"prose"
"D1";7;1180;11,66;12,84;"prose"
"D1";7;1340;13,45;14,79;"prose"
"D1";6;1330;15,06;16,39;"prose"
"D1";25;4580;17,02;21,6;"prose"
"D1";6;1080;22,04;23,12;"prose"
"D1";2;449,999999999999;23,41;23,86;"prose"
"D1";3;680;24;24,68;"prose"
"D1";4;1090;25,2;26,29;"prose"
"D1";11;2250;26,9;29,15;"prose"
"D1";7;1500;29,39;30,89;"prose"
"D1";24;5120;31,29;36,41;"prose"
"D1";8;2030;37,24;39,27;"prose"
"D1";6;1170;39,64;40,81;"prose"
"D1";6;1150;41,22;42,37;"prose"
"D1";19;4890;42,65;47,54;"prose"
"D1";7;1670;48,35;50,02;"prose"
"D1";10;1880;50,35;52,23;"prose"
"D1";9;1590;52,47;54,06;"prose"
"D1";8;1980;54,63;56,61;"prose"
"D1";3;789,999999999999;56,76;57,55;"prose"
"D1";8;1640;57,9;59,54;"prose"
"D1";5;990,000000000002;59,68;60,67;"prose"
"D1";6;1290;61,03;62,32;"prose"
"D2";10;2240;2,22;4,46;"prose"
"D2";3;864;5,07;5,934;"prose"
"D2";5;1390;5,955;7,345;"prose"
"D2";8;1735;8,007;9,742;"prose"
"D2";7;1287;10,425;11,712;"prose"
"D2";7;1691;12,462;14,153;"prose"
"D2";6;1603;14,521;16,124;"prose"
"D2";24;4687;17,253;21,94;"prose"
"D2";6;1105;22,656;23,761;"prose"
"D2";2;581;23,985;24,566;"prose"
"D2";2;760,999999999999;24,626;25,387;"prose"
"D2";4;1447;26,178;27,625;"prose"
"D2";10;3597;28,327;31,924;"prose"
"D2";7;1970;32,522;34,492;"prose"
"D2";16;5029;35,596;40,625;"prose"
"D2";8;3284,00000000001;41,596;44,88;"prose"
"D2";6;1403;45,298;46,701;"prose"
"D2";6;2403;47,82;50,223;"prose"
"D2";12;4106;50,552;54,658;"prose"
"D2";9;3128;55,02;58,148;"prose"
"D2";9;3023;59,062;62,085;"prose"
"D2";6;3298;62,19;65,488;"prose"
"D2";9;2426;65,786;68,212;"prose"
"D2";8;2361;69,127;71,488;"prose"
"D2";4;1042,99999999999;73,233;74,276;"prose"
"D2";4;1234,00000000001;74,85;76,084;"prose"
"D2";3;1426;76,382;77,808;"prose"
"D2";4;1191,99999999999;78,233;79,425;"prose"
"D2";6;1361,99999999999;80,063;81,425;"prose"
"D3";10;2750;3,04;5,79;"prose"
"D3";3;850,000000000001;6,63;7,48;"prose"
"D3";5;1670;8,57;10,24;"prose"
"D3";8;2460;10,42;12,88;"prose"
"D3";7;1160;13,88;15,04;"prose"
"D3";7;1580;16,55;18,13;"prose"
"D3";6;1340;18,79;20,13;"prose"
"D3";25;6890;21,5;28,39;"prose"
"D3";6;1170;28,722;29,892;"prose"
"D3";5;1404;30,616;32,02;"prose"
"D3";4;1192;32,828;34,02;"prose"
"D3";2;1234;34,893;36,127;"prose"
"D3";9;3340;36,319;39,659;"prose"
"D3";7;1553;39,999;41,552;"prose"
"D3";8;1851;42,189;44,04;"prose"
"D3";10;1915;44,146;46,061;"prose"
"D3";5;1277;47,169;48,446;"prose"
"D3";5;1256;48,488;49,744;"prose"
"D3";6;1745;49,85;51,595;"prose"
"D3";6;1489;52,701;54,19;"prose"
"D3";19;6229;54,381;60,61;"prose"
"D3";7;1681;61,701;63,382;"prose"
"D3";6;1825;63,45;65,275;"prose"
"D3";5;1550;65,55;67,1;"prose"
"D3";9;1974,99999999999;67,45;69,425;"prose"
"D3";12;3125;70,425;73,55;"prose"
"D3";3;1199,99999999999;74,15;75,35;"prose"
"D3";9;2349,99999999999;75,525;77,875;"prose"
"D3";6;1275,00000000001;78,5;79,775;"prose"
"D4";10;2560;3,35;5,91;"prose"
"D4";3;1000;6,92;7,92;"prose"
"D4";5;1500;8,29;9,79;"prose"
"D4";8;2060;10,22;12,28;"prose"
"D4";7;1500;13,16;14,66;"prose"
"D4";7;1710;15,4;17,11;"prose"
"D4";6;1550;17,44;18,99;"prose"
"D4";24;5563;19,738;25,301;"prose"
"D4";6;1406;25,64;27,046;"prose"
"D4";2;656,000000000002;27,656;28,312;"prose"
"D4";3;952,999999999999;28,468;29,421;"prose"
"D4";4;1485;30,093;31,578;"prose"
"D4";2;969,000000000001;32,452;33,421;"prose"
"D4";9;2672;33,827;36,499;"prose"
"D4";7;1781;36,828;38,609;"prose"
"D4";16;4328;39,546;43,874;"prose"
"D4";9;2625;44,702;47,327;"prose"
"D4";6;1594;47,624;49,218;"prose"
"D4";6;1344;50,03;51,374;"prose"
"D4";21;6484;51,562;58,046;"prose"
"D4";7;2266;58,546;60,812;"prose"
"D4";6;1891;60,859;62,75;"prose"
"D4";2;750;63,234;63,984;"prose"
"D4";9;2218,99999999999;64,14;66,359;"prose"
"D4";10;2343;67,343;69,686;"prose"
"D4";3;796,999999999997;69,702;70,499;"prose"
"D4";13;2937;70,906;73,843;"prose"
"D4";6;1860;74,171;76,031;"prose"
"D5";10;2280;2,38;4,66;"prose"
"D5";3;670;5,44;6,11;"prose"
"D5";5;1320;7,19;8,51;"prose"
"D5";8;1640;9,07;10,71;"prose"
"D5";7;1200;11,58;12,78;"prose"
"D5";7;1450;13,71;15,16;"prose"
"D5";6;1420;15,35;16,77;"prose"
"D5";14;5044;18,41;23,454;"prose"
"D5";6;1159;23,886;25,045;"prose"
"D5";5;1363;25,795;27,158;"prose"
"D5";4;1296;27,817;29,113;"prose"
"D5";9;2932;29,999;32,931;"prose"
"D5";7;1659,00000000001;33,181;34,84;"prose"
"D5";16;3227;36,158;39,385;"prose"
"D5";8;2273;40,476;42,749;"prose"
"D5";6;1295;42,954;44,249;"prose"
"D5";6;1386;45,181;46,567;"prose"
"D5";20;5568;46,795;52,363;"prose"
"D5";7;1750;53,272;55,022;"prose"
"D5";10;2091;55,431;57,522;"prose"
"D5";9;1909,00000000001;57,681;59,59;"prose"
"D5";8;2431;60,568;62,999;"prose"
"D5";3;795,000000000009;63,227;64,022;"prose"
"D5";9;3018,99999999999;64,545;67,564;"prose"
"D5";6;1227,99999999999;67,7;68,928;"prose"
"D6";10;3220;10,68;13,9;"prose"
"D6";3;699,999999999999;14,5;15,2;"prose"
"D6";13;2860;15,22;18,08;"prose"
"D6";7;1260;18,42;19,68;"prose"
"D6";7;1760;19,8;21,56;"prose"
"D6";13;2700;22,72;25,42;"prose"
"D6";25;4820;27,22;32,04;"prose"
"D6";6;920,000000000002;32,22;33,14;"prose"
"D6";5;1080;33,5;34,58;"prose"
"D6";4;1000;35;36;"prose"
"D6";18;7440;36,58;44,02;"prose"
"D6";7;2240;44,22;46,46;"prose"
"D6";9;2440;46,68;49,12;"prose"
"D6";8;2040,00000000001;50,48;52,52;"prose"
"D6";6;1200;52,68;53,88;"prose"
"D6";6;960,000000000001;54,66;55,62;"prose"
"D6";19;5320;55,64;60,96;"prose"
"D6";7;1900;61,76;63,66;"prose"
"D6";5;1599,99999999999;63,72;65,32;"prose"
"D6";3;1259,99999999999;65,76;67,02;"prose"
"D6";9;2700;67,92;70,62;"prose"
"D6";8;2080;70,9;72,98;"prose"
"D6";3;980,000000000004;73,5;74,48;"prose"
"D6";4;2400,00000000001;74,8;77,2;"prose"
"D6";9;2640;77,3;79,94;"prose"
"D6";6;1420;80,38;81,8;"prose"
"D7";10;1950;2,7;4,65;"prose"
"D7";3;630;4,9;5,53;"prose"
"D7";13;2940;6,01;8,95;"prose"
"D7";7;1230;9,52;10,75;"prose"
"D7";7;1350;11,12;12,47;"prose"
"D7";6;1290;12,58;13,87;"prose"
"D7";25;4637;14,385;19,022;"prose"
"D7";6;1091;19,227;20,318;"prose"
"D7";5;1114;20,545;21,659;"prose"
"D7";4;1227;21,772;22,999;"prose"
"D7";20;5431;23,295;28,726;"prose"
"D7";16;3091;28,772;31,863;"prose"
"D7";8;2182;32,294;34,476;"prose"
"D7";6;1147;34,749;35,896;"prose"
"D7";6;1063;35,94;37,003;"prose"
"D7";25;4439;37,019;41,458;"prose"
"D7";15;3969;41,857;45,826;"prose"
"D7";9;1898;46,03;47,928;"prose"
"D7";8;1918;48,275;50,193;"prose"
"D7";3;744;50,204;50,948;"prose"
"D7";13;2663;51,163;53,826;"prose"
"D7";6;1194;54,277;55,471;"prose"
"D8";10;2290;4,89;7,18;"prose"
"D8";3;829,999999999999;7,95;8,78;"prose"
"D8";13;3080;9,72;12,8;"prose"
"D8";7;1230;13,84;15,07;"prose"
"D8";7;1420;15,9;17,32;"prose"
"D8";8;1640;17,63;19,27;"prose"
"D8";25;5027;20,472;25,499;"prose"
"D8";6;1149;25,85;26,999;"prose"
"D8";5;1082;27,512;28,594;"prose"
"D8";5;1459;29,216;30,675;"prose"
"D8";2;1122;31,35;32,472;"prose"
"D8";9;2282,99999999999;32,77;35,053;"prose"
"D8";7;2973;35,31;38,283;"prose"
"D8";8;1703;39,242;40,945;"prose"
"D8";9;1797;41,972;43,769;"prose"
"D8";14;2919;44,836;47,755;"prose"
"D8";6;1243;49,053;50,296;"prose"
"D8";20;5392;50,499;55,891;"prose"
"D8";24;6567;56,77;63,337;"prose"
"D8";1;838,000000000001;63,701;64,539;"prose"
"D8";7;1919;64,62;66,539;"prose"
"D8";3;891,999999999996;66,674;67,566;"prose"
"D8";4;1271;68,053;69,324;"prose"
"D8";4;1433,00000000001;69,607;71,04;"prose"
"D8";5;1122;71,107;72,229;"prose"
"D8";6;1122;72,364;73,486;"prose"
"D9";10;1720;2,11;3,83;"prose"
"D9";3;750;3,86;4,61;"prose"
"D9";15;3490;4,98;8,47;"prose"
"D9";7;1080;9,93;11,01;"prose"
"D9";7;1131;11,02;12,151;"prose"
"D9";6;979,000000000001;12,267;13,246;"prose"
"D9";25;4281;14,233;18,514;"prose"
"D9";6;968;19,375;20,343;"prose"
"D9";5;1063;20,718;21,781;"prose"
"D9";4;1047;22,531;23,578;"prose"
"D9";2;827,999999999999;23,984;24,812;"prose"
"D9";9;1860;25,124;26,984;"prose"
"D9";2;828,000000000003;27,156;27,984;"prose"
"D9";5;1062;28,39;29,452;"prose"
"D9";16;2922;30,718;33,64;"prose"
"D9";8;1734;34,327;36,061;"prose"
"D9";6;1047;36,108;37,155;"prose"
"D9";6;1188;37,764;38,952;"prose"
"D9";19;4297;39,108;43,405;"prose"
"D9";7;1229;44,625;45,854;"prose"
"D9";10;2180;45,859;48,039;"prose"
"D9";9;1682;48,071;49,753;"prose"
"D9";11;2060;50,79;52,85;"prose"
"D9";4;859,000000000002;53,562;54,421;"prose"
"D9";9;1571,00000000001;54,428;55,999;"prose"
"D9";6;1047;56,348;57,395;"prose"
